<metadata__catalog__entry>
  <version>5.2.0.0</version>
  <types class="tree-map">
    <entry>
      <org.mule.common.metadata.DefaultMetaDataKey>
        <id>com.isteer.lifeline.pojos.UserRequest</id>
        <displayName>com.isteer.lifeline.pojos.UserRequest</displayName>
        <category>DEFAULT</category>
        <metaDataKeyPropertiesManager>
          <properties>
            <org.mule.common.metadata.key.property.dsql.DsqlFromMetaDataKeyProperty/>
          </properties>
        </metaDataKeyPropertiesManager>
      </org.mule.common.metadata.DefaultMetaDataKey>
      <org.mule.common.metadata.DefaultPojoMetaDataModel>
        <implementationClass>com.isteer.lifeline.pojos.UserRequest</implementationClass>
        <dataType>POJO</dataType>
        <metaDataModelPropertiesManager>
          <properties/>
        </metaDataModelPropertiesManager>
        <fields>
          <org.mule.common.metadata.DefaultMetaDataField>
            <name>addressIDHome</name>
            <model class="org.mule.common.metadata.DefaultPojoMetaDataModel">
              <implementationClass>com.isteer.lifeline.pojos.Address</implementationClass>
              <dataType>POJO</dataType>
              <metaDataModelPropertiesManager>
                <properties/>
              </metaDataModelPropertiesManager>
              <fields>
                <org.mule.common.metadata.DefaultMetaDataField>
                  <name>PINCode</name>
                  <model class="org.mule.common.metadata.DefaultSimpleMetaDataModel">
                    <dataType>STRING</dataType>
                    <metaDataModelPropertiesManager>
                      <properties/>
                    </metaDataModelPropertiesManager>
                  </model>
                  <accessType>READ_WRITE</accessType>
                  <metaDataFieldPropertyManager>
                    <properties>
                      <org.mule.common.metadata.field.property.dsql.DsqlSelectMetaDataFieldProperty/>
                      <org.mule.common.metadata.field.property.dsql.DsqlWhereMetaDataFieldProperty/>
                      <org.mule.common.metadata.field.property.dsql.DsqlOrderMetaDataFieldProperty/>
                      <org.mule.common.metadata.field.property.dsql.DsqlQueryOperatorsMetaDataFieldProperty>
                        <supportedOperators>
                          <org.mule.common.query.expression.LessOperator/>
                          <org.mule.common.query.expression.LessOrEqualsOperator/>
                          <org.mule.common.query.expression.EqualsOperator/>
                          <org.mule.common.query.expression.GreaterOperator/>
                          <org.mule.common.query.expression.GreaterOrEqualsOperator/>
                          <org.mule.common.query.expression.NotEqualsOperator/>
                          <org.mule.common.query.expression.LikeOperator/>
                        </supportedOperators>
                      </org.mule.common.metadata.field.property.dsql.DsqlQueryOperatorsMetaDataFieldProperty>
                    </properties>
                  </metaDataFieldPropertyManager>
                </org.mule.common.metadata.DefaultMetaDataField>
                <org.mule.common.metadata.DefaultMetaDataField>
                  <name>addressId</name>
                  <model class="org.mule.common.metadata.DefaultSimpleMetaDataModel">
                    <dataType>INTEGER</dataType>
                    <metaDataModelPropertiesManager>
                      <properties/>
                    </metaDataModelPropertiesManager>
                  </model>
                  <accessType>READ_WRITE</accessType>
                  <metaDataFieldPropertyManager>
                    <properties>
                      <org.mule.common.metadata.field.property.dsql.DsqlSelectMetaDataFieldProperty/>
                      <org.mule.common.metadata.field.property.dsql.DsqlWhereMetaDataFieldProperty/>
                      <org.mule.common.metadata.field.property.dsql.DsqlOrderMetaDataFieldProperty/>
                      <org.mule.common.metadata.field.property.dsql.DsqlQueryOperatorsMetaDataFieldProperty>
                        <supportedOperators>
                          <org.mule.common.query.expression.LessOperator/>
                          <org.mule.common.query.expression.LessOrEqualsOperator/>
                          <org.mule.common.query.expression.EqualsOperator/>
                          <org.mule.common.query.expression.GreaterOperator/>
                          <org.mule.common.query.expression.GreaterOrEqualsOperator/>
                          <org.mule.common.query.expression.NotEqualsOperator/>
                        </supportedOperators>
                      </org.mule.common.metadata.field.property.dsql.DsqlQueryOperatorsMetaDataFieldProperty>
                    </properties>
                  </metaDataFieldPropertyManager>
                </org.mule.common.metadata.DefaultMetaDataField>
                <org.mule.common.metadata.DefaultMetaDataField>
                  <name>addressLine</name>
                  <model class="org.mule.common.metadata.DefaultSimpleMetaDataModel">
                    <dataType>STRING</dataType>
                    <metaDataModelPropertiesManager>
                      <properties/>
                    </metaDataModelPropertiesManager>
                  </model>
                  <accessType>READ_WRITE</accessType>
                  <metaDataFieldPropertyManager>
                    <properties>
                      <org.mule.common.metadata.field.property.dsql.DsqlSelectMetaDataFieldProperty/>
                      <org.mule.common.metadata.field.property.dsql.DsqlWhereMetaDataFieldProperty/>
                      <org.mule.common.metadata.field.property.dsql.DsqlOrderMetaDataFieldProperty/>
                      <org.mule.common.metadata.field.property.dsql.DsqlQueryOperatorsMetaDataFieldProperty>
                        <supportedOperators>
                          <org.mule.common.query.expression.LessOperator/>
                          <org.mule.common.query.expression.LessOrEqualsOperator/>
                          <org.mule.common.query.expression.EqualsOperator/>
                          <org.mule.common.query.expression.GreaterOperator/>
                          <org.mule.common.query.expression.GreaterOrEqualsOperator/>
                          <org.mule.common.query.expression.NotEqualsOperator/>
                          <org.mule.common.query.expression.LikeOperator/>
                        </supportedOperators>
                      </org.mule.common.metadata.field.property.dsql.DsqlQueryOperatorsMetaDataFieldProperty>
                    </properties>
                  </metaDataFieldPropertyManager>
                </org.mule.common.metadata.DefaultMetaDataField>
                <org.mule.common.metadata.DefaultMetaDataField>
                  <name>city</name>
                  <model class="org.mule.common.metadata.DefaultSimpleMetaDataModel">
                    <dataType>STRING</dataType>
                    <metaDataModelPropertiesManager>
                      <properties/>
                    </metaDataModelPropertiesManager>
                  </model>
                  <accessType>READ_WRITE</accessType>
                  <metaDataFieldPropertyManager>
                    <properties>
                      <org.mule.common.metadata.field.property.dsql.DsqlSelectMetaDataFieldProperty/>
                      <org.mule.common.metadata.field.property.dsql.DsqlWhereMetaDataFieldProperty/>
                      <org.mule.common.metadata.field.property.dsql.DsqlOrderMetaDataFieldProperty/>
                      <org.mule.common.metadata.field.property.dsql.DsqlQueryOperatorsMetaDataFieldProperty>
                        <supportedOperators>
                          <org.mule.common.query.expression.LessOperator/>
                          <org.mule.common.query.expression.LessOrEqualsOperator/>
                          <org.mule.common.query.expression.EqualsOperator/>
                          <org.mule.common.query.expression.GreaterOperator/>
                          <org.mule.common.query.expression.GreaterOrEqualsOperator/>
                          <org.mule.common.query.expression.NotEqualsOperator/>
                          <org.mule.common.query.expression.LikeOperator/>
                        </supportedOperators>
                      </org.mule.common.metadata.field.property.dsql.DsqlQueryOperatorsMetaDataFieldProperty>
                    </properties>
                  </metaDataFieldPropertyManager>
                </org.mule.common.metadata.DefaultMetaDataField>
                <org.mule.common.metadata.DefaultMetaDataField>
                  <name>country</name>
                  <model class="org.mule.common.metadata.DefaultSimpleMetaDataModel">
                    <dataType>STRING</dataType>
                    <metaDataModelPropertiesManager>
                      <properties/>
                    </metaDataModelPropertiesManager>
                  </model>
                  <accessType>READ_WRITE</accessType>
                  <metaDataFieldPropertyManager>
                    <properties>
                      <org.mule.common.metadata.field.property.dsql.DsqlSelectMetaDataFieldProperty/>
                      <org.mule.common.metadata.field.property.dsql.DsqlWhereMetaDataFieldProperty/>
                      <org.mule.common.metadata.field.property.dsql.DsqlOrderMetaDataFieldProperty/>
                      <org.mule.common.metadata.field.property.dsql.DsqlQueryOperatorsMetaDataFieldProperty>
                        <supportedOperators>
                          <org.mule.common.query.expression.LessOperator/>
                          <org.mule.common.query.expression.LessOrEqualsOperator/>
                          <org.mule.common.query.expression.EqualsOperator/>
                          <org.mule.common.query.expression.GreaterOperator/>
                          <org.mule.common.query.expression.GreaterOrEqualsOperator/>
                          <org.mule.common.query.expression.NotEqualsOperator/>
                          <org.mule.common.query.expression.LikeOperator/>
                        </supportedOperators>
                      </org.mule.common.metadata.field.property.dsql.DsqlQueryOperatorsMetaDataFieldProperty>
                    </properties>
                  </metaDataFieldPropertyManager>
                </org.mule.common.metadata.DefaultMetaDataField>
                <org.mule.common.metadata.DefaultMetaDataField>
                  <name>landMark</name>
                  <model class="org.mule.common.metadata.DefaultSimpleMetaDataModel">
                    <dataType>STRING</dataType>
                    <metaDataModelPropertiesManager>
                      <properties/>
                    </metaDataModelPropertiesManager>
                  </model>
                  <accessType>READ_WRITE</accessType>
                  <metaDataFieldPropertyManager>
                    <properties>
                      <org.mule.common.metadata.field.property.dsql.DsqlSelectMetaDataFieldProperty/>
                      <org.mule.common.metadata.field.property.dsql.DsqlWhereMetaDataFieldProperty/>
                      <org.mule.common.metadata.field.property.dsql.DsqlOrderMetaDataFieldProperty/>
                      <org.mule.common.metadata.field.property.dsql.DsqlQueryOperatorsMetaDataFieldProperty>
                        <supportedOperators>
                          <org.mule.common.query.expression.LessOperator/>
                          <org.mule.common.query.expression.LessOrEqualsOperator/>
                          <org.mule.common.query.expression.EqualsOperator/>
                          <org.mule.common.query.expression.GreaterOperator/>
                          <org.mule.common.query.expression.GreaterOrEqualsOperator/>
                          <org.mule.common.query.expression.NotEqualsOperator/>
                          <org.mule.common.query.expression.LikeOperator/>
                        </supportedOperators>
                      </org.mule.common.metadata.field.property.dsql.DsqlQueryOperatorsMetaDataFieldProperty>
                    </properties>
                  </metaDataFieldPropertyManager>
                </org.mule.common.metadata.DefaultMetaDataField>
                <org.mule.common.metadata.DefaultMetaDataField>
                  <name>latitude</name>
                  <model class="org.mule.common.metadata.DefaultSimpleMetaDataModel">
                    <dataType>DOUBLE</dataType>
                    <metaDataModelPropertiesManager>
                      <properties/>
                    </metaDataModelPropertiesManager>
                  </model>
                  <accessType>READ_WRITE</accessType>
                  <metaDataFieldPropertyManager>
                    <properties>
                      <org.mule.common.metadata.field.property.dsql.DsqlSelectMetaDataFieldProperty/>
                      <org.mule.common.metadata.field.property.dsql.DsqlWhereMetaDataFieldProperty/>
                      <org.mule.common.metadata.field.property.dsql.DsqlOrderMetaDataFieldProperty/>
                      <org.mule.common.metadata.field.property.dsql.DsqlQueryOperatorsMetaDataFieldProperty>
                        <supportedOperators>
                          <org.mule.common.query.expression.LessOperator/>
                          <org.mule.common.query.expression.LessOrEqualsOperator/>
                          <org.mule.common.query.expression.EqualsOperator/>
                          <org.mule.common.query.expression.GreaterOperator/>
                          <org.mule.common.query.expression.GreaterOrEqualsOperator/>
                          <org.mule.common.query.expression.NotEqualsOperator/>
                        </supportedOperators>
                      </org.mule.common.metadata.field.property.dsql.DsqlQueryOperatorsMetaDataFieldProperty>
                    </properties>
                  </metaDataFieldPropertyManager>
                </org.mule.common.metadata.DefaultMetaDataField>
                <org.mule.common.metadata.DefaultMetaDataField>
                  <name>longitude</name>
                  <model class="org.mule.common.metadata.DefaultSimpleMetaDataModel">
                    <dataType>DOUBLE</dataType>
                    <metaDataModelPropertiesManager>
                      <properties/>
                    </metaDataModelPropertiesManager>
                  </model>
                  <accessType>READ_WRITE</accessType>
                  <metaDataFieldPropertyManager>
                    <properties>
                      <org.mule.common.metadata.field.property.dsql.DsqlSelectMetaDataFieldProperty/>
                      <org.mule.common.metadata.field.property.dsql.DsqlWhereMetaDataFieldProperty/>
                      <org.mule.common.metadata.field.property.dsql.DsqlOrderMetaDataFieldProperty/>
                      <org.mule.common.metadata.field.property.dsql.DsqlQueryOperatorsMetaDataFieldProperty>
                        <supportedOperators>
                          <org.mule.common.query.expression.LessOperator/>
                          <org.mule.common.query.expression.LessOrEqualsOperator/>
                          <org.mule.common.query.expression.EqualsOperator/>
                          <org.mule.common.query.expression.GreaterOperator/>
                          <org.mule.common.query.expression.GreaterOrEqualsOperator/>
                          <org.mule.common.query.expression.NotEqualsOperator/>
                        </supportedOperators>
                      </org.mule.common.metadata.field.property.dsql.DsqlQueryOperatorsMetaDataFieldProperty>
                    </properties>
                  </metaDataFieldPropertyManager>
                </org.mule.common.metadata.DefaultMetaDataField>
                <org.mule.common.metadata.DefaultMetaDataField>
                  <name>state</name>
                  <model class="org.mule.common.metadata.DefaultSimpleMetaDataModel">
                    <dataType>STRING</dataType>
                    <metaDataModelPropertiesManager>
                      <properties/>
                    </metaDataModelPropertiesManager>
                  </model>
                  <accessType>READ_WRITE</accessType>
                  <metaDataFieldPropertyManager>
                    <properties>
                      <org.mule.common.metadata.field.property.dsql.DsqlSelectMetaDataFieldProperty/>
                      <org.mule.common.metadata.field.property.dsql.DsqlWhereMetaDataFieldProperty/>
                      <org.mule.common.metadata.field.property.dsql.DsqlOrderMetaDataFieldProperty/>
                      <org.mule.common.metadata.field.property.dsql.DsqlQueryOperatorsMetaDataFieldProperty>
                        <supportedOperators>
                          <org.mule.common.query.expression.LessOperator/>
                          <org.mule.common.query.expression.LessOrEqualsOperator/>
                          <org.mule.common.query.expression.EqualsOperator/>
                          <org.mule.common.query.expression.GreaterOperator/>
                          <org.mule.common.query.expression.GreaterOrEqualsOperator/>
                          <org.mule.common.query.expression.NotEqualsOperator/>
                          <org.mule.common.query.expression.LikeOperator/>
                        </supportedOperators>
                      </org.mule.common.metadata.field.property.dsql.DsqlQueryOperatorsMetaDataFieldProperty>
                    </properties>
                  </metaDataFieldPropertyManager>
                </org.mule.common.metadata.DefaultMetaDataField>
              </fields>
              <clazzName>com.isteer.lifeline.pojos.Address</clazzName>
              <isInterface>false</isInterface>
              <name>Address</name>
              <parentNames>
                <string>java.lang.Object</string>
              </parentNames>
            </model>
            <accessType>READ_WRITE</accessType>
            <metaDataFieldPropertyManager>
              <properties>
                <org.mule.common.metadata.field.property.dsql.DsqlSelectMetaDataFieldProperty/>
                <org.mule.common.metadata.field.property.dsql.DsqlWhereMetaDataFieldProperty/>
                <org.mule.common.metadata.field.property.dsql.DsqlOrderMetaDataFieldProperty/>
                <org.mule.common.metadata.field.property.dsql.DsqlQueryOperatorsMetaDataFieldProperty>
                  <supportedOperators/>
                </org.mule.common.metadata.field.property.dsql.DsqlQueryOperatorsMetaDataFieldProperty>
              </properties>
            </metaDataFieldPropertyManager>
          </org.mule.common.metadata.DefaultMetaDataField>
          <org.mule.common.metadata.DefaultMetaDataField>
            <name>addressIDWork</name>
            <model class="org.mule.common.metadata.DefaultPojoMetaDataModel" reference="../../org.mule.common.metadata.DefaultMetaDataField/model"/>
            <accessType>READ_WRITE</accessType>
            <metaDataFieldPropertyManager>
              <properties>
                <org.mule.common.metadata.field.property.dsql.DsqlSelectMetaDataFieldProperty/>
                <org.mule.common.metadata.field.property.dsql.DsqlWhereMetaDataFieldProperty/>
                <org.mule.common.metadata.field.property.dsql.DsqlOrderMetaDataFieldProperty/>
                <org.mule.common.metadata.field.property.dsql.DsqlQueryOperatorsMetaDataFieldProperty>
                  <supportedOperators/>
                </org.mule.common.metadata.field.property.dsql.DsqlQueryOperatorsMetaDataFieldProperty>
              </properties>
            </metaDataFieldPropertyManager>
          </org.mule.common.metadata.DefaultMetaDataField>
          <org.mule.common.metadata.DefaultMetaDataField>
            <name>authProvider</name>
            <model class="org.mule.common.metadata.DefaultSimpleMetaDataModel">
              <dataType>STRING</dataType>
              <metaDataModelPropertiesManager>
                <properties/>
              </metaDataModelPropertiesManager>
            </model>
            <accessType>READ_WRITE</accessType>
            <metaDataFieldPropertyManager>
              <properties>
                <org.mule.common.metadata.field.property.dsql.DsqlSelectMetaDataFieldProperty/>
                <org.mule.common.metadata.field.property.dsql.DsqlWhereMetaDataFieldProperty/>
                <org.mule.common.metadata.field.property.dsql.DsqlOrderMetaDataFieldProperty/>
                <org.mule.common.metadata.field.property.dsql.DsqlQueryOperatorsMetaDataFieldProperty>
                  <supportedOperators>
                    <org.mule.common.query.expression.LessOperator/>
                    <org.mule.common.query.expression.LessOrEqualsOperator/>
                    <org.mule.common.query.expression.EqualsOperator/>
                    <org.mule.common.query.expression.GreaterOperator/>
                    <org.mule.common.query.expression.GreaterOrEqualsOperator/>
                    <org.mule.common.query.expression.NotEqualsOperator/>
                    <org.mule.common.query.expression.LikeOperator/>
                  </supportedOperators>
                </org.mule.common.metadata.field.property.dsql.DsqlQueryOperatorsMetaDataFieldProperty>
              </properties>
            </metaDataFieldPropertyManager>
          </org.mule.common.metadata.DefaultMetaDataField>
          <org.mule.common.metadata.DefaultMetaDataField>
            <name>bloodGroup</name>
            <model class="org.mule.common.metadata.DefaultSimpleMetaDataModel">
              <dataType>STRING</dataType>
              <metaDataModelPropertiesManager>
                <properties/>
              </metaDataModelPropertiesManager>
            </model>
            <accessType>READ_WRITE</accessType>
            <metaDataFieldPropertyManager>
              <properties>
                <org.mule.common.metadata.field.property.dsql.DsqlSelectMetaDataFieldProperty/>
                <org.mule.common.metadata.field.property.dsql.DsqlWhereMetaDataFieldProperty/>
                <org.mule.common.metadata.field.property.dsql.DsqlOrderMetaDataFieldProperty/>
                <org.mule.common.metadata.field.property.dsql.DsqlQueryOperatorsMetaDataFieldProperty>
                  <supportedOperators>
                    <org.mule.common.query.expression.LessOperator/>
                    <org.mule.common.query.expression.LessOrEqualsOperator/>
                    <org.mule.common.query.expression.EqualsOperator/>
                    <org.mule.common.query.expression.GreaterOperator/>
                    <org.mule.common.query.expression.GreaterOrEqualsOperator/>
                    <org.mule.common.query.expression.NotEqualsOperator/>
                    <org.mule.common.query.expression.LikeOperator/>
                  </supportedOperators>
                </org.mule.common.metadata.field.property.dsql.DsqlQueryOperatorsMetaDataFieldProperty>
              </properties>
            </metaDataFieldPropertyManager>
          </org.mule.common.metadata.DefaultMetaDataField>
          <org.mule.common.metadata.DefaultMetaDataField>
            <name>contactNumber</name>
            <model class="org.mule.common.metadata.DefaultSimpleMetaDataModel">
              <dataType>STRING</dataType>
              <metaDataModelPropertiesManager>
                <properties/>
              </metaDataModelPropertiesManager>
            </model>
            <accessType>READ_WRITE</accessType>
            <metaDataFieldPropertyManager>
              <properties>
                <org.mule.common.metadata.field.property.dsql.DsqlSelectMetaDataFieldProperty/>
                <org.mule.common.metadata.field.property.dsql.DsqlWhereMetaDataFieldProperty/>
                <org.mule.common.metadata.field.property.dsql.DsqlOrderMetaDataFieldProperty/>
                <org.mule.common.metadata.field.property.dsql.DsqlQueryOperatorsMetaDataFieldProperty>
                  <supportedOperators>
                    <org.mule.common.query.expression.LessOperator/>
                    <org.mule.common.query.expression.LessOrEqualsOperator/>
                    <org.mule.common.query.expression.EqualsOperator/>
                    <org.mule.common.query.expression.GreaterOperator/>
                    <org.mule.common.query.expression.GreaterOrEqualsOperator/>
                    <org.mule.common.query.expression.NotEqualsOperator/>
                    <org.mule.common.query.expression.LikeOperator/>
                  </supportedOperators>
                </org.mule.common.metadata.field.property.dsql.DsqlQueryOperatorsMetaDataFieldProperty>
              </properties>
            </metaDataFieldPropertyManager>
          </org.mule.common.metadata.DefaultMetaDataField>
          <org.mule.common.metadata.DefaultMetaDataField>
            <name>createdOn</name>
            <model class="org.mule.common.metadata.DefaultSimpleMetaDataModel">
              <dataType>DATE</dataType>
              <metaDataModelPropertiesManager>
                <properties/>
              </metaDataModelPropertiesManager>
            </model>
            <accessType>READ_WRITE</accessType>
            <metaDataFieldPropertyManager>
              <properties>
                <org.mule.common.metadata.field.property.dsql.DsqlSelectMetaDataFieldProperty/>
                <org.mule.common.metadata.field.property.dsql.DsqlWhereMetaDataFieldProperty/>
                <org.mule.common.metadata.field.property.dsql.DsqlOrderMetaDataFieldProperty/>
                <org.mule.common.metadata.field.property.dsql.DsqlQueryOperatorsMetaDataFieldProperty>
                  <supportedOperators>
                    <org.mule.common.query.expression.LessOperator/>
                    <org.mule.common.query.expression.LessOrEqualsOperator/>
                    <org.mule.common.query.expression.EqualsOperator/>
                    <org.mule.common.query.expression.GreaterOperator/>
                    <org.mule.common.query.expression.GreaterOrEqualsOperator/>
                    <org.mule.common.query.expression.NotEqualsOperator/>
                  </supportedOperators>
                </org.mule.common.metadata.field.property.dsql.DsqlQueryOperatorsMetaDataFieldProperty>
              </properties>
            </metaDataFieldPropertyManager>
          </org.mule.common.metadata.DefaultMetaDataField>
          <org.mule.common.metadata.DefaultMetaDataField>
            <name>dateofBirth</name>
            <model class="org.mule.common.metadata.DefaultSimpleMetaDataModel">
              <dataType>DATE</dataType>
              <metaDataModelPropertiesManager>
                <properties/>
              </metaDataModelPropertiesManager>
            </model>
            <accessType>READ_WRITE</accessType>
            <metaDataFieldPropertyManager>
              <properties>
                <org.mule.common.metadata.field.property.dsql.DsqlSelectMetaDataFieldProperty/>
                <org.mule.common.metadata.field.property.dsql.DsqlWhereMetaDataFieldProperty/>
                <org.mule.common.metadata.field.property.dsql.DsqlOrderMetaDataFieldProperty/>
                <org.mule.common.metadata.field.property.dsql.DsqlQueryOperatorsMetaDataFieldProperty>
                  <supportedOperators>
                    <org.mule.common.query.expression.LessOperator/>
                    <org.mule.common.query.expression.LessOrEqualsOperator/>
                    <org.mule.common.query.expression.EqualsOperator/>
                    <org.mule.common.query.expression.GreaterOperator/>
                    <org.mule.common.query.expression.GreaterOrEqualsOperator/>
                    <org.mule.common.query.expression.NotEqualsOperator/>
                  </supportedOperators>
                </org.mule.common.metadata.field.property.dsql.DsqlQueryOperatorsMetaDataFieldProperty>
              </properties>
            </metaDataFieldPropertyManager>
          </org.mule.common.metadata.DefaultMetaDataField>
          <org.mule.common.metadata.DefaultMetaDataField>
            <name>emailID</name>
            <model class="org.mule.common.metadata.DefaultSimpleMetaDataModel">
              <dataType>STRING</dataType>
              <metaDataModelPropertiesManager>
                <properties/>
              </metaDataModelPropertiesManager>
            </model>
            <accessType>READ_WRITE</accessType>
            <metaDataFieldPropertyManager>
              <properties>
                <org.mule.common.metadata.field.property.dsql.DsqlSelectMetaDataFieldProperty/>
                <org.mule.common.metadata.field.property.dsql.DsqlWhereMetaDataFieldProperty/>
                <org.mule.common.metadata.field.property.dsql.DsqlOrderMetaDataFieldProperty/>
                <org.mule.common.metadata.field.property.dsql.DsqlQueryOperatorsMetaDataFieldProperty>
                  <supportedOperators>
                    <org.mule.common.query.expression.LessOperator/>
                    <org.mule.common.query.expression.LessOrEqualsOperator/>
                    <org.mule.common.query.expression.EqualsOperator/>
                    <org.mule.common.query.expression.GreaterOperator/>
                    <org.mule.common.query.expression.GreaterOrEqualsOperator/>
                    <org.mule.common.query.expression.NotEqualsOperator/>
                    <org.mule.common.query.expression.LikeOperator/>
                  </supportedOperators>
                </org.mule.common.metadata.field.property.dsql.DsqlQueryOperatorsMetaDataFieldProperty>
              </properties>
            </metaDataFieldPropertyManager>
          </org.mule.common.metadata.DefaultMetaDataField>
          <org.mule.common.metadata.DefaultMetaDataField>
            <name>lastDonatedOn</name>
            <model class="org.mule.common.metadata.DefaultSimpleMetaDataModel">
              <dataType>DATE</dataType>
              <metaDataModelPropertiesManager>
                <properties/>
              </metaDataModelPropertiesManager>
            </model>
            <accessType>READ_WRITE</accessType>
            <metaDataFieldPropertyManager>
              <properties>
                <org.mule.common.metadata.field.property.dsql.DsqlSelectMetaDataFieldProperty/>
                <org.mule.common.metadata.field.property.dsql.DsqlWhereMetaDataFieldProperty/>
                <org.mule.common.metadata.field.property.dsql.DsqlOrderMetaDataFieldProperty/>
                <org.mule.common.metadata.field.property.dsql.DsqlQueryOperatorsMetaDataFieldProperty>
                  <supportedOperators>
                    <org.mule.common.query.expression.LessOperator/>
                    <org.mule.common.query.expression.LessOrEqualsOperator/>
                    <org.mule.common.query.expression.EqualsOperator/>
                    <org.mule.common.query.expression.GreaterOperator/>
                    <org.mule.common.query.expression.GreaterOrEqualsOperator/>
                    <org.mule.common.query.expression.NotEqualsOperator/>
                  </supportedOperators>
                </org.mule.common.metadata.field.property.dsql.DsqlQueryOperatorsMetaDataFieldProperty>
              </properties>
            </metaDataFieldPropertyManager>
          </org.mule.common.metadata.DefaultMetaDataField>
          <org.mule.common.metadata.DefaultMetaDataField>
            <name>loginID</name>
            <model class="org.mule.common.metadata.DefaultSimpleMetaDataModel">
              <dataType>STRING</dataType>
              <metaDataModelPropertiesManager>
                <properties/>
              </metaDataModelPropertiesManager>
            </model>
            <accessType>READ_WRITE</accessType>
            <metaDataFieldPropertyManager>
              <properties>
                <org.mule.common.metadata.field.property.dsql.DsqlSelectMetaDataFieldProperty/>
                <org.mule.common.metadata.field.property.dsql.DsqlWhereMetaDataFieldProperty/>
                <org.mule.common.metadata.field.property.dsql.DsqlOrderMetaDataFieldProperty/>
                <org.mule.common.metadata.field.property.dsql.DsqlQueryOperatorsMetaDataFieldProperty>
                  <supportedOperators>
                    <org.mule.common.query.expression.LessOperator/>
                    <org.mule.common.query.expression.LessOrEqualsOperator/>
                    <org.mule.common.query.expression.EqualsOperator/>
                    <org.mule.common.query.expression.GreaterOperator/>
                    <org.mule.common.query.expression.GreaterOrEqualsOperator/>
                    <org.mule.common.query.expression.NotEqualsOperator/>
                    <org.mule.common.query.expression.LikeOperator/>
                  </supportedOperators>
                </org.mule.common.metadata.field.property.dsql.DsqlQueryOperatorsMetaDataFieldProperty>
              </properties>
            </metaDataFieldPropertyManager>
          </org.mule.common.metadata.DefaultMetaDataField>
          <org.mule.common.metadata.DefaultMetaDataField>
            <name>name</name>
            <model class="org.mule.common.metadata.DefaultSimpleMetaDataModel">
              <dataType>STRING</dataType>
              <metaDataModelPropertiesManager>
                <properties/>
              </metaDataModelPropertiesManager>
            </model>
            <accessType>READ_WRITE</accessType>
            <metaDataFieldPropertyManager>
              <properties>
                <org.mule.common.metadata.field.property.dsql.DsqlSelectMetaDataFieldProperty/>
                <org.mule.common.metadata.field.property.dsql.DsqlWhereMetaDataFieldProperty/>
                <org.mule.common.metadata.field.property.dsql.DsqlOrderMetaDataFieldProperty/>
                <org.mule.common.metadata.field.property.dsql.DsqlQueryOperatorsMetaDataFieldProperty>
                  <supportedOperators>
                    <org.mule.common.query.expression.LessOperator/>
                    <org.mule.common.query.expression.LessOrEqualsOperator/>
                    <org.mule.common.query.expression.EqualsOperator/>
                    <org.mule.common.query.expression.GreaterOperator/>
                    <org.mule.common.query.expression.GreaterOrEqualsOperator/>
                    <org.mule.common.query.expression.NotEqualsOperator/>
                    <org.mule.common.query.expression.LikeOperator/>
                  </supportedOperators>
                </org.mule.common.metadata.field.property.dsql.DsqlQueryOperatorsMetaDataFieldProperty>
              </properties>
            </metaDataFieldPropertyManager>
          </org.mule.common.metadata.DefaultMetaDataField>
          <org.mule.common.metadata.DefaultMetaDataField>
            <name>updatedOn</name>
            <model class="org.mule.common.metadata.DefaultSimpleMetaDataModel">
              <dataType>DATE</dataType>
              <metaDataModelPropertiesManager>
                <properties/>
              </metaDataModelPropertiesManager>
            </model>
            <accessType>READ_WRITE</accessType>
            <metaDataFieldPropertyManager>
              <properties>
                <org.mule.common.metadata.field.property.dsql.DsqlSelectMetaDataFieldProperty/>
                <org.mule.common.metadata.field.property.dsql.DsqlWhereMetaDataFieldProperty/>
                <org.mule.common.metadata.field.property.dsql.DsqlOrderMetaDataFieldProperty/>
                <org.mule.common.metadata.field.property.dsql.DsqlQueryOperatorsMetaDataFieldProperty>
                  <supportedOperators>
                    <org.mule.common.query.expression.LessOperator/>
                    <org.mule.common.query.expression.LessOrEqualsOperator/>
                    <org.mule.common.query.expression.EqualsOperator/>
                    <org.mule.common.query.expression.GreaterOperator/>
                    <org.mule.common.query.expression.GreaterOrEqualsOperator/>
                    <org.mule.common.query.expression.NotEqualsOperator/>
                  </supportedOperators>
                </org.mule.common.metadata.field.property.dsql.DsqlQueryOperatorsMetaDataFieldProperty>
              </properties>
            </metaDataFieldPropertyManager>
          </org.mule.common.metadata.DefaultMetaDataField>
        </fields>
        <clazzName>com.isteer.lifeline.pojos.UserRequest</clazzName>
        <isInterface>false</isInterface>
        <name>UserRequest</name>
        <parentNames>
          <string>java.lang.Object</string>
          <string>java.io.Serializable</string>
        </parentNames>
      </org.mule.common.metadata.DefaultPojoMetaDataModel>
    </entry>
  </types>
  <connectorName>JSON_To_Pojo</connectorName>
</metadata__catalog__entry>