{"createdOn":"Sun Oct 04 10:50:05 IST 2015","addressIDHome":{"addressLine":"2499, Rajaji Nagar","landMark":"Park","PINCode":"560010","state":"Karnataka","longitude":103.589897,"latitude":1.387686,"addressId":1235,"city":"Bangalore","country":"India"},"lastDonatedOn":"Sun Oct 04 10:50:05 IST 2015","contactNumber":"9876765","loginID":"Jagan_lifeline@gmail.com","emailID":"jj@gmail.com","bloodGroup":"B+","addressIDWork":{"addressLine":"72, BTM Layout","landMark":"Silkboard","PINCode":"560062","state":"Karnataka","longitude":103.8767987975,"latitude":1.36586987,"addressId":1234,"city":"Bangalore","country":"India"},"name":"Jagan","dateofBirth":"Sun Oct 04 10:50:05 IST 2015","updatedOn":"Sun Oct 04 10:50:05 IST 2015","authProvider":"auth"}
